,Compressor name,Compression speed,Decompression speed,Original size,Compressed size,Ratio,Filename,File-bits,Entropy,Chi-square,Mean,Monte-Carlo-Pi,Serial-Correlation
0,memcpy,14826.23,14987.88,74451352,74451352,100.0,micronaut-shopcart-x64-O2,595610816,0.926831,59386516.773784,0.342118,3.433921,0.243817
1,fastlz 0.5.0 -1,148.26,404.74,74451352,42860798,57.57,micronaut-shopcart-x64-O2,595610816,0.926831,59386516.773784,0.342118,3.433921,0.243817
2,fastlz 0.5.0 -2,159.75,402.64,74451352,41766541,56.1,micronaut-shopcart-x64-O2,595610816,0.926831,59386516.773784,0.342118,3.433921,0.243817
3,kanzi 2.3 -1,142.26,785.56,74451352,34381439,46.18,micronaut-shopcart-x64-O2,595610816,0.926831,59386516.773784,0.342118,3.433921,0.243817
4,kanzi 2.3 -2,123.74,277.03,74451352,28649622,38.48,micronaut-shopcart-x64-O2,595610816,0.926831,59386516.773784,0.342118,3.433921,0.243817
5,kanzi 2.3 -3,81.63,284.63,74451352,28548023,38.34,micronaut-shopcart-x64-O2,595610816,0.926831,59386516.773784,0.342118,3.433921,0.243817
6,lizard 2.1 -10,330.47,2589.74,74451352,41664925,55.96,micronaut-shopcart-x64-O2,595610816,0.926831,59386516.773784,0.342118,3.433921,0.243817
7,lizard 2.1 -11,201.12,2678.88,74451352,38653517,51.92,micronaut-shopcart-x64-O2,595610816,0.926831,59386516.773784,0.342118,3.433921,0.243817
8,lizard 2.1 -12,113.66,2764.48,74451352,36516668,49.05,micronaut-shopcart-x64-O2,595610816,0.926831,59386516.773784,0.342118,3.433921,0.243817
9,lizard 2.1 -13,73.77,2700.79,74451352,35712729,47.97,micronaut-shopcart-x64-O2,595610816,0.926831,59386516.773784,0.342118,3.433921,0.243817
10,lizard 2.1 -14,67.19,2725.47,74451352,35249284,47.35,micronaut-shopcart-x64-O2,595610816,0.926831,59386516.773784,0.342118,3.433921,0.243817
11,lz4 1.10.0,384.31,2497.56,74451352,41286804,55.45,micronaut-shopcart-x64-O2,595610816,0.926831,59386516.773784,0.342118,3.433921,0.243817
12,lz4 1.10.0 --fast -3,467.61,2518.74,74451352,44638021,59.96,micronaut-shopcart-x64-O2,595610816,0.926831,59386516.773784,0.342118,3.433921,0.243817
13,lz4 1.10.0 --fast -17,813.46,3371.41,74451352,55552296,74.62,micronaut-shopcart-x64-O2,595610816,0.926831,59386516.773784,0.342118,3.433921,0.243817
14,lzav 4.22 -1,349.37,1668.21,74451352,38577197,51.82,micronaut-shopcart-x64-O2,595610816,0.926831,59386516.773784,0.342118,3.433921,0.243817
15,lzav 4.22 -2,59.07,1481.35,74451352,33540462,45.05,micronaut-shopcart-x64-O2,595610816,0.926831,59386516.773784,0.342118,3.433921,0.243817
16,lzf 3.6 -0,201.67,346.77,74451352,42136205,56.6,micronaut-shopcart-x64-O2,595610816,0.926831,59386516.773784,0.342118,3.433921,0.243817
17,lzf 3.6 -1,192.95,344.61,74451352,41626763,55.91,micronaut-shopcart-x64-O2,595610816,0.926831,59386516.773784,0.342118,3.433921,0.243817
18,lzfse 2017-03-08,61.7,451.97,74451352,28603330,38.42,micronaut-shopcart-x64-O2,595610816,0.926831,59386516.773784,0.342118,3.433921,0.243817
19,lzo1b 2.10 -1,107.12,380.34,74451352,40462808,54.35,micronaut-shopcart-x64-O2,595610816,0.926831,59386516.773784,0.342118,3.433921,0.243817
20,lzo1c 2.10 -1,117.88,393.88,74451352,40656824,54.61,micronaut-shopcart-x64-O2,595610816,0.926831,59386516.773784,0.342118,3.433921,0.243817
21,lzof 2.10 -1,107.04,362.87,74451352,39299764,52.79,micronaut-shopcart-x64-O2,595610816,0.926831,59386516.773784,0.342118,3.433921,0.243817
22,lzo1x 2.10 -1,304.69,404.59,74451352,39779694,53.43,micronaut-shopcart-x64-O2,595610816,0.926831,59386516.773784,0.342118,3.433921,0.243817
23,lzo1y 2.10 -1,306.78,409.13,74451352,39952782,53.66,micronaut-shopcart-x64-O2,595610816,0.926831,59386516.773784,0.342118,3.433921,0.243817
24,lzsse4fast 2019-04-18,178.62,1868.98,74451352,40011881,53.74,micronaut-shopcart-x64-O2,595610816,0.926831,59386516.773784,0.342118,3.433921,0.243817
25,lzsse8 2019-04-18 -1,13.03,2621.78,74451352,35295982,47.41,micronaut-shopcart-x64-O2,595610816,0.926831,59386516.773784,0.342118,3.433921,0.243817
26,lzvn 2017-03-08,40.93,564.75,74451352,31427665,42.21,micronaut-shopcart-x64-O2,595610816,0.926831,59386516.773784,0.342118,3.433921,0.243817
27,quicklz 1.5.0 -1,258.03,302.58,74451352,38378616,51.55,micronaut-shopcart-x64-O2,595610816,0.926831,59386516.773784,0.342118,3.433921,0.243817
28,quicklz 1.5.0 -2,128.41,289.16,74451352,35058970,47.09,micronaut-shopcart-x64-O2,595610816,0.926831,59386516.773784,0.342118,3.433921,0.243817
29,snappy 1.2.1,285.71,755.86,74451352,41535133,55.79,micronaut-shopcart-x64-O2,595610816,0.926831,59386516.773784,0.342118,3.433921,0.243817
30,zstd 1.5.7 -1,306.09,752.87,74451352,31740090,42.63,micronaut-shopcart-x64-O2,595610816,0.926831,59386516.773784,0.342118,3.433921,0.243817
31,zstd 1.5.7 -2,265.11,721.1,74451352,29429189,39.53,micronaut-shopcart-x64-O2,595610816,0.926831,59386516.773784,0.342118,3.433921,0.243817
32,zstd 1.5.7 -3,194.41,687.9,74451352,27973073,37.57,micronaut-shopcart-x64-O2,595610816,0.926831,59386516.773784,0.342118,3.433921,0.243817
33,zstd 1.5.7 -4,167.62,685.09,74451352,27653583,37.14,micronaut-shopcart-x64-O2,595610816,0.926831,59386516.773784,0.342118,3.433921,0.243817
34,zstd 1.5.7 -5,93.15,669.98,74451352,27092072,36.39,micronaut-shopcart-x64-O2,595610816,0.926831,59386516.773784,0.342118,3.433921,0.243817
35,memcpy,14848.32,14908.19,76333928,76333928,100.0,micronaut-shopcart-x64-prof,610671488,0.931678,56920443.01698,0.347349,3.50348,0.212714
36,fastlz 0.5.0 -1,166.45,431.92,76333928,41301361,54.11,micronaut-shopcart-x64-prof,610671488,0.931678,56920443.01698,0.347349,3.50348,0.212714
37,fastlz 0.5.0 -2,174.57,428.58,76333928,40350594,52.86,micronaut-shopcart-x64-prof,610671488,0.931678,56920443.01698,0.347349,3.50348,0.212714
38,kanzi 2.3 -1,141.55,771.45,76333928,33252361,43.56,micronaut-shopcart-x64-prof,610671488,0.931678,56920443.01698,0.347349,3.50348,0.212714
39,kanzi 2.3 -2,120.11,289.58,76333928,27453386,35.96,micronaut-shopcart-x64-prof,610671488,0.931678,56920443.01698,0.347349,3.50348,0.212714
40,kanzi 2.3 -3,80.46,288.69,76333928,27675234,36.26,micronaut-shopcart-x64-prof,610671488,0.931678,56920443.01698,0.347349,3.50348,0.212714
41,lizard 2.1 -10,338.79,2558.05,76333928,40320075,52.82,micronaut-shopcart-x64-prof,610671488,0.931678,56920443.01698,0.347349,3.50348,0.212714
42,lizard 2.1 -11,215.42,2626.06,76333928,37547531,49.19,micronaut-shopcart-x64-prof,610671488,0.931678,56920443.01698,0.347349,3.50348,0.212714
43,lizard 2.1 -12,117.69,2718.06,76333928,35337393,46.29,micronaut-shopcart-x64-prof,610671488,0.931678,56920443.01698,0.347349,3.50348,0.212714
44,lizard 2.1 -13,76.8,2690.71,76333928,34490958,45.18,micronaut-shopcart-x64-prof,610671488,0.931678,56920443.01698,0.347349,3.50348,0.212714
45,lizard 2.1 -14,70.2,2722.77,76333928,34009166,44.55,micronaut-shopcart-x64-prof,610671488,0.931678,56920443.01698,0.347349,3.50348,0.212714
46,lz4 1.10.0,392.5,2471.28,76333928,39860108,52.22,micronaut-shopcart-x64-prof,610671488,0.931678,56920443.01698,0.347349,3.50348,0.212714
47,lz4 1.10.0 --fast -3,470.56,2502.36,76333928,42873274,56.17,micronaut-shopcart-x64-prof,610671488,0.931678,56920443.01698,0.347349,3.50348,0.212714
48,lz4 1.10.0 --fast -17,758.16,3113.92,76333928,53111136,69.58,micronaut-shopcart-x64-prof,610671488,0.931678,56920443.01698,0.347349,3.50348,0.212714
49,lzav 4.22 -1,361.7,1697.45,76333928,37361260,48.94,micronaut-shopcart-x64-prof,610671488,0.931678,56920443.01698,0.347349,3.50348,0.212714
50,lzav 4.22 -2,64.56,1525.05,76333928,32509060,42.59,micronaut-shopcart-x64-prof,610671488,0.931678,56920443.01698,0.347349,3.50348,0.212714
51,lzf 3.6 -0,212.87,363.87,76333928,40764715,53.4,micronaut-shopcart-x64-prof,610671488,0.931678,56920443.01698,0.347349,3.50348,0.212714
52,lzf 3.6 -1,206.26,362.77,76333928,40234173,52.71,micronaut-shopcart-x64-prof,610671488,0.931678,56920443.01698,0.347349,3.50348,0.212714
53,lzfse 2017-03-08,64.59,472.78,76333928,27450472,35.96,micronaut-shopcart-x64-prof,610671488,0.931678,56920443.01698,0.347349,3.50348,0.212714
54,lzo1b 2.10 -1,115.57,402.5,76333928,39211284,51.37,micronaut-shopcart-x64-prof,610671488,0.931678,56920443.01698,0.347349,3.50348,0.212714
55,lzo1c 2.10 -1,128.59,415.73,76333928,39268797,51.44,micronaut-shopcart-x64-prof,610671488,0.931678,56920443.01698,0.347349,3.50348,0.212714
56,lzof 2.10 -1,116.09,386.03,76333928,37941288,49.7,micronaut-shopcart-x64-prof,610671488,0.931678,56920443.01698,0.347349,3.50348,0.212714
57,lzo1x 2.10 -1,319.74,430.91,76333928,38441922,50.36,micronaut-shopcart-x64-prof,610671488,0.931678,56920443.01698,0.347349,3.50348,0.212714
58,lzo1y 2.10 -1,321.67,435.25,76333928,38567183,50.52,micronaut-shopcart-x64-prof,610671488,0.931678,56920443.01698,0.347349,3.50348,0.212714
59,lzsse4fast 2019-04-18,190.98,1949.97,76333928,38676199,50.67,micronaut-shopcart-x64-prof,610671488,0.931678,56920443.01698,0.347349,3.50348,0.212714
60,lzsse8 2019-04-18 -1,12.75,2731.97,76333928,34298935,44.93,micronaut-shopcart-x64-prof,610671488,0.931678,56920443.01698,0.347349,3.50348,0.212714
61,lzvn 2017-03-08,42.13,591.72,76333928,30456302,39.9,micronaut-shopcart-x64-prof,610671488,0.931678,56920443.01698,0.347349,3.50348,0.212714
62,quicklz 1.5.0 -1,273.14,326.99,76333928,36960452,48.42,micronaut-shopcart-x64-prof,610671488,0.931678,56920443.01698,0.347349,3.50348,0.212714
63,quicklz 1.5.0 -2,141.6,312.49,76333928,33844039,44.34,micronaut-shopcart-x64-prof,610671488,0.931678,56920443.01698,0.347349,3.50348,0.212714
64,snappy 1.2.1,297.82,780.44,76333928,40055711,52.47,micronaut-shopcart-x64-prof,610671488,0.931678,56920443.01698,0.347349,3.50348,0.212714
65,zstd 1.5.7 -1,315.68,775.47,76333928,30245709,39.62,micronaut-shopcart-x64-prof,610671488,0.931678,56920443.01698,0.347349,3.50348,0.212714
66,zstd 1.5.7 -2,273.25,744.35,76333928,28214997,36.96,micronaut-shopcart-x64-prof,610671488,0.931678,56920443.01698,0.347349,3.50348,0.212714
67,zstd 1.5.7 -3,202.49,711.21,76333928,26913616,35.26,micronaut-shopcart-x64-prof,610671488,0.931678,56920443.01698,0.347349,3.50348,0.212714
68,zstd 1.5.7 -4,176.57,707.91,76333928,26653373,34.92,micronaut-shopcart-x64-prof,610671488,0.931678,56920443.01698,0.347349,3.50348,0.212714
69,zstd 1.5.7 -5,95.84,693.78,76333928,26082917,34.17,micronaut-shopcart-x64-prof,610671488,0.931678,56920443.01698,0.347349,3.50348,0.212714
70,memcpy,14598.07,14511.63,106367384,106367384,100.0,micronaut-shopcart-x64-O3,850939072,0.939821,69997046.508827,0.356596,3.382703,0.236104
71,fastlz 0.5.0 -1,136.8,382.86,106367384,64270325,60.42,micronaut-shopcart-x64-O3,850939072,0.939821,69997046.508827,0.356596,3.382703,0.236104
72,fastlz 0.5.0 -2,150.14,380.8,106367384,62137413,58.42,micronaut-shopcart-x64-O3,850939072,0.939821,69997046.508827,0.356596,3.382703,0.236104
73,kanzi 2.3 -1,140.35,763.86,106367384,50236924,47.23,micronaut-shopcart-x64-O3,850939072,0.939821,69997046.508827,0.356596,3.382703,0.236104
74,kanzi 2.3 -2,116.93,270.21,106367384,42324128,39.79,micronaut-shopcart-x64-O3,850939072,0.939821,69997046.508827,0.356596,3.382703,0.236104
75,kanzi 2.3 -3,73.36,272.37,106367384,41707285,39.21,micronaut-shopcart-x64-O3,850939072,0.939821,69997046.508827,0.356596,3.382703,0.236104
76,lizard 2.1 -10,314.33,2493.58,106367384,62085282,58.37,micronaut-shopcart-x64-O3,850939072,0.939821,69997046.508827,0.356596,3.382703,0.236104
77,lizard 2.1 -11,188.95,2598.67,106367384,56805653,53.41,micronaut-shopcart-x64-O3,850939072,0.939821,69997046.508827,0.356596,3.382703,0.236104
78,lizard 2.1 -12,106.32,2674.91,106367384,53696836,50.48,micronaut-shopcart-x64-O3,850939072,0.939821,69997046.508827,0.356596,3.382703,0.236104
79,lizard 2.1 -13,69.73,2666.75,106367384,52528839,49.38,micronaut-shopcart-x64-O3,850939072,0.939821,69997046.508827,0.356596,3.382703,0.236104
80,lizard 2.1 -14,65.28,2689.11,106367384,51855330,48.75,micronaut-shopcart-x64-O3,850939072,0.939821,69997046.508827,0.356596,3.382703,0.236104
81,lz4 1.10.0,364.28,2462.19,106367384,61689282,58.0,micronaut-shopcart-x64-O3,850939072,0.939821,69997046.508827,0.356596,3.382703,0.236104
82,lz4 1.10.0 --fast -3,448.18,2430.46,106367384,67208561,63.19,micronaut-shopcart-x64-O3,850939072,0.939821,69997046.508827,0.356596,3.382703,0.236104
83,lz4 1.10.0 --fast -17,836.42,3491.77,106367384,84228341,79.19,micronaut-shopcart-x64-O3,850939072,0.939821,69997046.508827,0.356596,3.382703,0.236104
84,lzav 4.22 -1,300.61,1539.35,106367384,55306303,52.0,micronaut-shopcart-x64-O3,850939072,0.939821,69997046.508827,0.356596,3.382703,0.236104
85,lzav 4.22 -2,57.75,1401.63,106367384,48299001,45.41,micronaut-shopcart-x64-O3,850939072,0.939821,69997046.508827,0.356596,3.382703,0.236104
86,lzf 3.6 -0,185.49,327.63,106367384,63027411,59.25,micronaut-shopcart-x64-O3,850939072,0.939821,69997046.508827,0.356596,3.382703,0.236104
87,lzf 3.6 -1,177.06,326.12,106367384,62178493,58.46,micronaut-shopcart-x64-O3,850939072,0.939821,69997046.508827,0.356596,3.382703,0.236104
88,lzfse 2017-03-08,59.37,433.17,106367384,42241576,39.71,micronaut-shopcart-x64-O3,850939072,0.939821,69997046.508827,0.356596,3.382703,0.236104
89,lzo1b 2.10 -1,99.95,347.5,106367384,60059436,56.46,micronaut-shopcart-x64-O3,850939072,0.939821,69997046.508827,0.356596,3.382703,0.236104
90,lzo1c 2.10 -1,108.73,360.58,106367384,60735540,57.1,micronaut-shopcart-x64-O3,850939072,0.939821,69997046.508827,0.356596,3.382703,0.236104
91,lzof 2.10 -1,97.88,329.82,106367384,58934706,55.41,micronaut-shopcart-x64-O3,850939072,0.939821,69997046.508827,0.356596,3.382703,0.236104
92,lzo1x 2.10 -1,283.75,366.65,106367384,59396403,55.84,micronaut-shopcart-x64-O3,850939072,0.939821,69997046.508827,0.356596,3.382703,0.236104
93,lzo1y 2.10 -1,286.03,371.24,106367384,59725785,56.15,micronaut-shopcart-x64-O3,850939072,0.939821,69997046.508827,0.356596,3.382703,0.236104
94,lzsse4fast 2019-04-18,172.25,1991.98,106367384,56785236,53.39,micronaut-shopcart-x64-O3,850939072,0.939821,69997046.508827,0.356596,3.382703,0.236104
95,lzsse8 2019-04-18 -1,13.44,2645.38,106367384,51357378,48.28,micronaut-shopcart-x64-O3,850939072,0.939821,69997046.508827,0.356596,3.382703,0.236104
96,lzvn 2017-03-08,38.89,538.82,106367384,46356399,43.58,micronaut-shopcart-x64-O3,850939072,0.939821,69997046.508827,0.356596,3.382703,0.236104
97,quicklz 1.5.0 -1,232.01,288.01,106367384,57201728,53.78,micronaut-shopcart-x64-O3,850939072,0.939821,69997046.508827,0.356596,3.382703,0.236104
98,quicklz 1.5.0 -2,126.25,274.89,106367384,51754176,48.66,micronaut-shopcart-x64-O3,850939072,0.939821,69997046.508827,0.356596,3.382703,0.236104
99,snappy 1.2.1,263.68,725.72,106367384,61747777,58.05,micronaut-shopcart-x64-O3,850939072,0.939821,69997046.508827,0.356596,3.382703,0.236104
100,zstd 1.5.7 -1,288.78,727.75,106367384,47445659,44.61,micronaut-shopcart-x64-O3,850939072,0.939821,69997046.508827,0.356596,3.382703,0.236104
101,zstd 1.5.7 -2,250.46,698.85,106367384,43520481,40.92,micronaut-shopcart-x64-O3,850939072,0.939821,69997046.508827,0.356596,3.382703,0.236104
102,zstd 1.5.7 -3,183.62,676.26,106367384,41246060,38.78,micronaut-shopcart-x64-O3,850939072,0.939821,69997046.508827,0.356596,3.382703,0.236104
103,zstd 1.5.7 -4,159.66,672.76,106367384,40531010,38.1,micronaut-shopcart-x64-O3,850939072,0.939821,69997046.508827,0.356596,3.382703,0.236104
104,zstd 1.5.7 -5,88.67,658.2,106367384,39667250,37.29,micronaut-shopcart-x64-O3,850939072,0.939821,69997046.508827,0.356596,3.382703,0.236104
105,memcpy,16862.53,16773.12,29559056,29559056,100.0,jmh-x64-O3,236472448,0.933499,21463270.632497,0.349364,3.422789,0.251798
106,fastlz 0.5.0 -1,138.54,389.6,29559056,18035531,61.02,jmh-x64-O3,236472448,0.933499,21463270.632497,0.349364,3.422789,0.251798
107,fastlz 0.5.0 -2,150.46,386.19,29559056,17648608,59.71,jmh-x64-O3,236472448,0.933499,21463270.632497,0.349364,3.422789,0.251798
108,kanzi 2.3 -1,141.01,753.89,29559056,14713745,49.78,jmh-x64-O3,236472448,0.933499,21463270.632497,0.349364,3.422789,0.251798
109,kanzi 2.3 -2,113.53,260.73,29559056,12435088,42.07,jmh-x64-O3,236472448,0.933499,21463270.632497,0.349364,3.422789,0.251798
110,kanzi 2.3 -3,77.34,265.03,29559056,12327112,41.7,jmh-x64-O3,236472448,0.933499,21463270.632497,0.349364,3.422789,0.251798
111,lizard 2.1 -10,318.95,2547.93,29559056,17699812,59.88,jmh-x64-O3,236472448,0.933499,21463270.632497,0.349364,3.422789,0.251798
112,lizard 2.1 -11,178.9,2688.73,29559056,16307549,55.17,jmh-x64-O3,236472448,0.933499,21463270.632497,0.349364,3.422789,0.251798
113,lizard 2.1 -12,104.4,2729.04,29559056,15447026,52.26,jmh-x64-O3,236472448,0.933499,21463270.632497,0.349364,3.422789,0.251798
114,lizard 2.1 -13,67.81,2641.01,29559056,15124215,51.17,jmh-x64-O3,236472448,0.933499,21463270.632497,0.349364,3.422789,0.251798
115,lizard 2.1 -14,62.79,2673.38,29559056,14942264,50.55,jmh-x64-O3,236472448,0.933499,21463270.632497,0.349364,3.422789,0.251798
116,lz4 1.10.0,374.16,2480.57,29559056,17523946,59.28,jmh-x64-O3,236472448,0.933499,21463270.632497,0.349364,3.422789,0.251798
117,lz4 1.10.0 --fast -3,466.1,2431.91,29559056,19010400,64.31,jmh-x64-O3,236472448,0.933499,21463270.632497,0.349364,3.422789,0.251798
118,lz4 1.10.0 --fast -17,854.47,3596.13,29559056,23603948,79.85,jmh-x64-O3,236472448,0.933499,21463270.632497,0.349364,3.422789,0.251798
119,lzav 4.22 -1,310.46,1642.59,29559056,16227565,54.9,jmh-x64-O3,236472448,0.933499,21463270.632497,0.349364,3.422789,0.251798
120,lzav 4.22 -2,55.26,1428.02,29559056,14179651,47.97,jmh-x64-O3,236472448,0.933499,21463270.632497,0.349364,3.422789,0.251798
121,lzf 3.6 -0,190.49,342.31,29559056,17728720,59.98,jmh-x64-O3,236472448,0.933499,21463270.632497,0.349364,3.422789,0.251798
122,lzf 3.6 -1,182.14,338.94,29559056,17510717,59.24,jmh-x64-O3,236472448,0.933499,21463270.632497,0.349364,3.422789,0.251798
123,lzfse 2017-03-08,59.14,425.39,29559056,12360108,41.81,jmh-x64-O3,236472448,0.933499,21463270.632497,0.349364,3.422789,0.251798
124,lzo1b 2.10 -1,98.6,358.52,29559056,17068064,57.74,jmh-x64-O3,236472448,0.933499,21463270.632497,0.349364,3.422789,0.251798
125,lzo1c 2.10 -1,108.85,373.54,29559056,17135142,57.97,jmh-x64-O3,236472448,0.933499,21463270.632497,0.349364,3.422789,0.251798
126,lzof 2.10 -1,99.03,341.29,29559056,16609820,56.19,jmh-x64-O3,236472448,0.933499,21463270.632497,0.349364,3.422789,0.251798
127,lzo1x 2.10 -1,293.07,380.82,29559056,16861477,57.04,jmh-x64-O3,236472448,0.933499,21463270.632497,0.349364,3.422789,0.251798
128,lzo1y 2.10 -1,295.2,383.74,29559056,16939046,57.31,jmh-x64-O3,236472448,0.933499,21463270.632497,0.349364,3.422789,0.251798
129,lzsse4fast 2019-04-18,160.25,1949.38,29559056,16990623,57.48,jmh-x64-O3,236472448,0.933499,21463270.632497,0.349364,3.422789,0.251798
130,lzsse8 2019-04-18 -1,10.16,2665.72,29559056,14869192,50.3,jmh-x64-O3,236472448,0.933499,21463270.632497,0.349364,3.422789,0.251798
131,lzvn 2017-03-08,39.28,532.45,29559056,13370789,45.23,jmh-x64-O3,236472448,0.933499,21463270.632497,0.349364,3.422789,0.251798
132,quicklz 1.5.0 -1,248.71,294.58,29559056,16319400,55.21,jmh-x64-O3,236472448,0.933499,21463270.632497,0.349364,3.422789,0.251798
133,quicklz 1.5.0 -2,127.31,266.52,29559056,14855993,50.26,jmh-x64-O3,236472448,0.933499,21463270.632497,0.349364,3.422789,0.251798
134,snappy 1.2.1,273.67,734.88,29559056,17482447,59.14,jmh-x64-O3,236472448,0.933499,21463270.632497,0.349364,3.422789,0.251798
135,zstd 1.5.7 -1,289.62,713.17,29559056,13704671,46.36,jmh-x64-O3,236472448,0.933499,21463270.632497,0.349364,3.422789,0.251798
136,zstd 1.5.7 -2,251.06,690.58,29559056,12749518,43.13,jmh-x64-O3,236472448,0.933499,21463270.632497,0.349364,3.422789,0.251798
137,zstd 1.5.7 -3,177.93,660.35,29559056,12146652,41.09,jmh-x64-O3,236472448,0.933499,21463270.632497,0.349364,3.422789,0.251798
138,zstd 1.5.7 -4,154.63,659.24,29559056,11962749,40.47,jmh-x64-O3,236472448,0.933499,21463270.632497,0.349364,3.422789,0.251798
139,zstd 1.5.7 -5,88.71,643.07,29559056,11737380,39.71,jmh-x64-O3,236472448,0.933499,21463270.632497,0.349364,3.422789,0.251798
140,memcpy,17807.49,18663.69,22874384,22874384,100.0,jmh-x64-O2,182995072,0.91848,20287912.341268,0.333517,3.475982,0.260255
141,fastlz 0.5.0 -1,156.28,411.2,22874384,13404851,58.6,jmh-x64-O2,182995072,0.91848,20287912.341268,0.333517,3.475982,0.260255
142,fastlz 0.5.0 -2,164.05,404.37,22874384,13179666,57.62,jmh-x64-O2,182995072,0.91848,20287912.341268,0.333517,3.475982,0.260255
143,kanzi 2.3 -1,150.94,780.1,22874384,11156333,48.77,jmh-x64-O2,182995072,0.91848,20287912.341268,0.333517,3.475982,0.260255
144,kanzi 2.3 -2,123.27,266.12,22874384,9335781,40.81,jmh-x64-O2,182995072,0.91848,20287912.341268,0.333517,3.475982,0.260255
145,kanzi 2.3 -3,82.57,265.45,22874384,9549838,41.75,jmh-x64-O2,182995072,0.91848,20287912.341268,0.333517,3.475982,0.260255
146,lizard 2.1 -10,332.9,2641.09,22874384,13224641,57.81,jmh-x64-O2,182995072,0.91848,20287912.341268,0.333517,3.475982,0.260255
147,lizard 2.1 -11,189.32,2771.38,22874384,12324930,53.88,jmh-x64-O2,182995072,0.91848,20287912.341268,0.333517,3.475982,0.260255
148,lizard 2.1 -12,109.61,2810.72,22874384,11651055,50.93,jmh-x64-O2,182995072,0.91848,20287912.341268,0.333517,3.475982,0.260255
149,lizard 2.1 -13,71.91,2656.56,22874384,11406927,49.87,jmh-x64-O2,182995072,0.91848,20287912.341268,0.333517,3.475982,0.260255
150,lizard 2.1 -14,67.62,2679.28,22874384,11267805,49.26,jmh-x64-O2,182995072,0.91848,20287912.341268,0.333517,3.475982,0.260255
151,lz4 1.10.0,390.8,2520.79,22874384,13058816,57.09,jmh-x64-O2,182995072,0.91848,20287912.341268,0.333517,3.475982,0.260255
152,lz4 1.10.0 --fast -3,481.72,2514.57,22874384,14067924,61.5,jmh-x64-O2,182995072,0.91848,20287912.341268,0.333517,3.475982,0.260255
153,lz4 1.10.0 --fast -17,834.07,3475.52,22874384,17452261,76.3,jmh-x64-O2,182995072,0.91848,20287912.341268,0.333517,3.475982,0.260255
154,lzav 4.22 -1,341.53,1786.97,22874384,12466503,54.5,jmh-x64-O2,182995072,0.91848,20287912.341268,0.333517,3.475982,0.260255
155,lzav 4.22 -2,58.95,1523.31,22874384,10891462,47.61,jmh-x64-O2,182995072,0.91848,20287912.341268,0.333517,3.475982,0.260255
156,lzf 3.6 -0,206.24,361.57,22874384,13204010,57.72,jmh-x64-O2,182995072,0.91848,20287912.341268,0.333517,3.475982,0.260255
157,lzf 3.6 -1,198.29,358.73,22874384,13063194,57.11,jmh-x64-O2,182995072,0.91848,20287912.341268,0.333517,3.475982,0.260255
158,lzfse 2017-03-08,61.8,438.57,22874384,9299376,40.65,jmh-x64-O2,182995072,0.91848,20287912.341268,0.333517,3.475982,0.260255
159,lzo1b 2.10 -1,105.1,387.71,22874384,12754063,55.76,jmh-x64-O2,182995072,0.91848,20287912.341268,0.333517,3.475982,0.260255
160,lzo1c 2.10 -1,112.07,408.02,22874384,12753844,55.76,jmh-x64-O2,182995072,0.91848,20287912.341268,0.333517,3.475982,0.260255
161,lzof 2.10 -1,106.32,372.82,22874384,12311124,53.82,jmh-x64-O2,182995072,0.91848,20287912.341268,0.333517,3.475982,0.260255
162,lzo1x 2.10 -1,316.06,416.78,22874384,12628614,55.21,jmh-x64-O2,182995072,0.91848,20287912.341268,0.333517,3.475982,0.260255
163,lzo1y 2.10 -1,316.69,419.61,22874384,12667663,55.38,jmh-x64-O2,182995072,0.91848,20287912.341268,0.333517,3.475982,0.260255
164,lzsse4fast 2019-04-18,164.39,1833.15,22874384,13380449,58.5,jmh-x64-O2,182995072,0.91848,20287912.341268,0.333517,3.475982,0.260255
165,lzsse8 2019-04-18 -1,9.27,2660.23,22874384,11332627,49.54,jmh-x64-O2,182995072,0.91848,20287912.341268,0.333517,3.475982,0.260255
166,lzvn 2017-03-08,41.31,549.61,22874384,10065822,44.0,jmh-x64-O2,182995072,0.91848,20287912.341268,0.333517,3.475982,0.260255
167,quicklz 1.5.0 -1,267.74,299.29,22874384,12160516,53.16,jmh-x64-O2,182995072,0.91848,20287912.341268,0.333517,3.475982,0.260255
168,quicklz 1.5.0 -2,134.31,279.88,22874384,11153513,48.76,jmh-x64-O2,182995072,0.91848,20287912.341268,0.333517,3.475982,0.260255
169,snappy 1.2.1,295.29,756.94,22874384,13145412,57.47,jmh-x64-O2,182995072,0.91848,20287912.341268,0.333517,3.475982,0.260255
170,zstd 1.5.7 -1,304.76,734.66,22874384,10166725,44.45,jmh-x64-O2,182995072,0.91848,20287912.341268,0.333517,3.475982,0.260255
171,zstd 1.5.7 -2,260.19,707.48,22874384,9569361,41.83,jmh-x64-O2,182995072,0.91848,20287912.341268,0.333517,3.475982,0.260255
172,zstd 1.5.7 -3,181.69,669.85,22874384,9140060,39.96,jmh-x64-O2,182995072,0.91848,20287912.341268,0.333517,3.475982,0.260255
173,zstd 1.5.7 -4,161.68,668.82,22874384,9057123,39.6,jmh-x64-O2,182995072,0.91848,20287912.341268,0.333517,3.475982,0.260255
174,zstd 1.5.7 -5,91.57,654.34,22874384,8908555,38.95,jmh-x64-O2,182995072,0.91848,20287912.341268,0.333517,3.475982,0.260255
175,memcpy,17097.58,18974.4,24133184,24133184,100.0,jmh-x64-prof,193065472,0.921121,20723848.852916,0.336185,3.529462,0.232087
176,fastlz 0.5.0 -1,165.57,428.07,24133184,13377698,55.43,jmh-x64-prof,193065472,0.921121,20723848.852916,0.336185,3.529462,0.232087
177,fastlz 0.5.0 -2,176.76,421.64,24133184,13141032,54.45,jmh-x64-prof,193065472,0.921121,20723848.852916,0.336185,3.529462,0.232087
178,kanzi 2.3 -1,155.29,781.24,24133184,11129652,46.12,jmh-x64-prof,193065472,0.921121,20723848.852916,0.336185,3.529462,0.232087
179,kanzi 2.3 -2,125.56,276.22,24133184,9244423,38.31,jmh-x64-prof,193065472,0.921121,20723848.852916,0.336185,3.529462,0.232087
180,kanzi 2.3 -3,85.63,282.47,24133184,9254345,38.35,jmh-x64-prof,193065472,0.921121,20723848.852916,0.336185,3.529462,0.232087
181,lizard 2.1 -10,337.67,2609.73,24133184,13196549,54.68,jmh-x64-prof,193065472,0.921121,20723848.852916,0.336185,3.529462,0.232087
182,lizard 2.1 -11,201.63,2701.88,24133184,12345074,51.15,jmh-x64-prof,193065472,0.921121,20723848.852916,0.336185,3.529462,0.232087
183,lizard 2.1 -12,112.35,2754.6,24133184,11640758,48.24,jmh-x64-prof,193065472,0.921121,20723848.852916,0.336185,3.529462,0.232087
184,lizard 2.1 -13,73.47,2593.88,24133184,11373081,47.13,jmh-x64-prof,193065472,0.921121,20723848.852916,0.336185,3.529462,0.232087
185,lizard 2.1 -14,68.59,2615.33,24133184,11222232,46.5,jmh-x64-prof,193065472,0.921121,20723848.852916,0.336185,3.529462,0.232087
186,lz4 1.10.0,396.13,2478.74,24133184,13009937,53.91,jmh-x64-prof,193065472,0.921121,20723848.852916,0.336185,3.529462,0.232087
187,lz4 1.10.0 --fast -3,475.14,2468.34,24133184,13968533,57.88,jmh-x64-prof,193065472,0.921121,20723848.852916,0.336185,3.529462,0.232087
188,lz4 1.10.0 --fast -17,766.71,3165.75,24133184,17340346,71.85,jmh-x64-prof,193065472,0.921121,20723848.852916,0.336185,3.529462,0.232087
189,lzav 4.22 -1,346.31,1770.94,24133184,12434017,51.52,jmh-x64-prof,193065472,0.921121,20723848.852916,0.336185,3.529462,0.232087
190,lzav 4.22 -2,61.15,1557.81,24133184,10860214,45.0,jmh-x64-prof,193065472,0.921121,20723848.852916,0.336185,3.529462,0.232087
191,lzf 3.6 -0,214.4,371.43,24133184,13218329,54.77,jmh-x64-prof,193065472,0.921121,20723848.852916,0.336185,3.529462,0.232087
192,lzf 3.6 -1,208.86,369.91,24133184,13060485,54.12,jmh-x64-prof,193065472,0.921121,20723848.852916,0.336185,3.529462,0.232087
193,lzfse 2017-03-08,63.62,452.54,24133184,9199791,38.12,jmh-x64-prof,193065472,0.921121,20723848.852916,0.336185,3.529462,0.232087
194,lzo1b 2.10 -1,112.03,407.11,24133184,12773740,52.93,jmh-x64-prof,193065472,0.921121,20723848.852916,0.336185,3.529462,0.232087
195,lzo1c 2.10 -1,127.16,420.74,24133184,12744388,52.81,jmh-x64-prof,193065472,0.921121,20723848.852916,0.336185,3.529462,0.232087
196,lzof 2.10 -1,114.11,385.83,24133184,12291094,50.93,jmh-x64-prof,193065472,0.921121,20723848.852916,0.336185,3.529462,0.232087
197,lzo1x 2.10 -1,326.46,432.41,24133184,12548235,52.0,jmh-x64-prof,193065472,0.921121,20723848.852916,0.336185,3.529462,0.232087
198,lzo1y 2.10 -1,325.11,435.28,24133184,12575265,52.11,jmh-x64-prof,193065472,0.921121,20723848.852916,0.336185,3.529462,0.232087
199,lzsse4fast 2019-04-18,171.43,1907.42,24133184,13485609,55.88,jmh-x64-prof,193065472,0.921121,20723848.852916,0.336185,3.529462,0.232087
200,lzsse8 2019-04-18 -1,9.37,2744.55,24133184,11359647,47.07,jmh-x64-prof,193065472,0.921121,20723848.852916,0.336185,3.529462,0.232087
201,lzvn 2017-03-08,42.68,544.73,24133184,10049158,41.64,jmh-x64-prof,193065472,0.921121,20723848.852916,0.336185,3.529462,0.232087
202,quicklz 1.5.0 -1,266.22,298.54,24133184,12097920,50.13,jmh-x64-prof,193065472,0.921121,20723848.852916,0.336185,3.529462,0.232087
203,quicklz 1.5.0 -2,139.44,295.93,24133184,11112246,46.05,jmh-x64-prof,193065472,0.921121,20723848.852916,0.336185,3.529462,0.232087
204,snappy 1.2.1,301.13,766.62,24133184,13068440,54.15,jmh-x64-prof,193065472,0.921121,20723848.852916,0.336185,3.529462,0.232087
205,zstd 1.5.7 -1,309.72,753.05,24133184,9997389,41.43,jmh-x64-prof,193065472,0.921121,20723848.852916,0.336185,3.529462,0.232087
206,zstd 1.5.7 -2,266.68,725.79,24133184,9446745,39.14,jmh-x64-prof,193065472,0.921121,20723848.852916,0.336185,3.529462,0.232087
207,zstd 1.5.7 -3,189.18,690.66,24133184,9047246,37.49,jmh-x64-prof,193065472,0.921121,20723848.852916,0.336185,3.529462,0.232087
208,zstd 1.5.7 -4,166.29,688.2,24133184,8985120,37.23,jmh-x64-prof,193065472,0.921121,20723848.852916,0.336185,3.529462,0.232087
209,zstd 1.5.7 -5,94.32,671.6,24133184,8826903,36.58,jmh-x64-prof,193065472,0.921121,20723848.852916,0.336185,3.529462,0.232087
210,memcpy,15191.88,15565.0,7080144,7080144,100.0,fork-join-pool-isolate-x64-O2,56641152,0.885441,8754577.351806,0.303428,3.573514,0.286582
211,fastlz 0.5.0 -1,167.96,431.48,7080144,3735766,52.76,fork-join-pool-isolate-x64-O2,56641152,0.885441,8754577.351806,0.303428,3.573514,0.286582
212,fastlz 0.5.0 -2,181.95,424.43,7080144,3686440,52.07,fork-join-pool-isolate-x64-O2,56641152,0.885441,8754577.351806,0.303428,3.573514,0.286582
213,kanzi 2.3 -1,165.55,800.65,7080144,3124813,44.13,fork-join-pool-isolate-x64-O2,56641152,0.885441,8754577.351806,0.303428,3.573514,0.286582
214,kanzi 2.3 -2,136.02,287.39,7080144,2591479,36.6,fork-join-pool-isolate-x64-O2,56641152,0.885441,8754577.351806,0.303428,3.573514,0.286582
215,kanzi 2.3 -3,93.63,288.69,7080144,2603232,36.77,fork-join-pool-isolate-x64-O2,56641152,0.885441,8754577.351806,0.303428,3.573514,0.286582
216,lizard 2.1 -10,349.39,2761.16,7080144,3710795,52.41,fork-join-pool-isolate-x64-O2,56641152,0.885441,8754577.351806,0.303428,3.573514,0.286582
217,lizard 2.1 -11,193.57,2872.95,7080144,3479053,49.14,fork-join-pool-isolate-x64-O2,56641152,0.885441,8754577.351806,0.303428,3.573514,0.286582
218,lizard 2.1 -12,112.36,2923.63,7080144,3268515,46.16,fork-join-pool-isolate-x64-O2,56641152,0.885441,8754577.351806,0.303428,3.573514,0.286582
219,lizard 2.1 -13,75.17,2549.41,7080144,3194620,45.12,fork-join-pool-isolate-x64-O2,56641152,0.885441,8754577.351806,0.303428,3.573514,0.286582
220,lizard 2.1 -14,70.43,2575.35,7080144,3153426,44.54,fork-join-pool-isolate-x64-O2,56641152,0.885441,8754577.351806,0.303428,3.573514,0.286582
221,lz4 1.10.0,408.71,2573.39,7080144,3643829,51.47,fork-join-pool-isolate-x64-O2,56641152,0.885441,8754577.351806,0.303428,3.573514,0.286582
222,lz4 1.10.0 --fast -3,495.45,2558.84,7080144,3922605,55.4,fork-join-pool-isolate-x64-O2,56641152,0.885441,8754577.351806,0.303428,3.573514,0.286582
223,lz4 1.10.0 --fast -17,822.24,3552.05,7080144,4935246,69.71,fork-join-pool-isolate-x64-O2,56641152,0.885441,8754577.351806,0.303428,3.573514,0.286582
224,lzav 4.22 -1,376.93,1936.38,7080144,3519290,49.71,fork-join-pool-isolate-x64-O2,56641152,0.885441,8754577.351806,0.303428,3.573514,0.286582
225,lzav 4.22 -2,65.69,1672.29,7080144,3090049,43.64,fork-join-pool-isolate-x64-O2,56641152,0.885441,8754577.351806,0.303428,3.573514,0.286582
226,lzf 3.6 -0,228.97,378.46,7080144,3682800,52.02,fork-join-pool-isolate-x64-O2,56641152,0.885441,8754577.351806,0.303428,3.573514,0.286582
227,lzf 3.6 -1,218.86,376.35,7080144,3643662,51.46,fork-join-pool-isolate-x64-O2,56641152,0.885441,8754577.351806,0.303428,3.573514,0.286582
228,lzfse 2017-03-08,64.98,457.62,7080144,2592565,36.62,fork-join-pool-isolate-x64-O2,56641152,0.885441,8754577.351806,0.303428,3.573514,0.286582
229,lzo1b 2.10 -1,111.46,408.85,7080144,3570104,50.42,fork-join-pool-isolate-x64-O2,56641152,0.885441,8754577.351806,0.303428,3.573514,0.286582
230,lzo1c 2.10 -1,128.15,421.1,7080144,3551190,50.16,fork-join-pool-isolate-x64-O2,56641152,0.885441,8754577.351806,0.303428,3.573514,0.286582
231,lzof 2.10 -1,115.19,390.77,7080144,3427986,48.42,fork-join-pool-isolate-x64-O2,56641152,0.885441,8754577.351806,0.303428,3.573514,0.286582
232,lzo1x 2.10 -1,343.21,443.59,7080144,3520309,49.72,fork-join-pool-isolate-x64-O2,56641152,0.885441,8754577.351806,0.303428,3.573514,0.286582
233,lzo1y 2.10 -1,343.3,444.6,7080144,3526614,49.81,fork-join-pool-isolate-x64-O2,56641152,0.885441,8754577.351806,0.303428,3.573514,0.286582
234,lzsse4fast 2019-04-18,147.72,1896.43,7080144,4097153,57.87,fork-join-pool-isolate-x64-O2,56641152,0.885441,8754577.351806,0.303428,3.573514,0.286582
235,lzsse8 2019-04-18 -1,4.81,2827.0,7080144,3208454,45.32,fork-join-pool-isolate-x64-O2,56641152,0.885441,8754577.351806,0.303428,3.573514,0.286582
236,lzvn 2017-03-08,44.02,563.53,7080144,2817580,39.8,fork-join-pool-isolate-x64-O2,56641152,0.885441,8754577.351806,0.303428,3.573514,0.286582
237,quicklz 1.5.0 -1,289.61,323.88,7080144,3384273,47.8,fork-join-pool-isolate-x64-O2,56641152,0.885441,8754577.351806,0.303428,3.573514,0.286582
238,quicklz 1.5.0 -2,145.86,313.24,7080144,3106064,43.87,fork-join-pool-isolate-x64-O2,56641152,0.885441,8754577.351806,0.303428,3.573514,0.286582
239,snappy 1.2.1,319.71,783.83,7080144,3672063,51.86,fork-join-pool-isolate-x64-O2,56641152,0.885441,8754577.351806,0.303428,3.573514,0.286582
240,zstd 1.5.7 -1,323.37,771.1,7080144,2794595,39.47,fork-join-pool-isolate-x64-O2,56641152,0.885441,8754577.351806,0.303428,3.573514,0.286582
241,zstd 1.5.7 -2,278.82,746.53,7080144,2651858,37.45,fork-join-pool-isolate-x64-O2,56641152,0.885441,8754577.351806,0.303428,3.573514,0.286582
242,zstd 1.5.7 -3,200.95,708.35,7080144,2536447,35.82,fork-join-pool-isolate-x64-O2,56641152,0.885441,8754577.351806,0.303428,3.573514,0.286582
243,zstd 1.5.7 -4,173.78,702.76,7080144,2523338,35.64,fork-join-pool-isolate-x64-O2,56641152,0.885441,8754577.351806,0.303428,3.573514,0.286582
244,zstd 1.5.7 -5,96.5,685.06,7080144,2485882,35.11,fork-join-pool-isolate-x64-O2,56641152,0.885441,8754577.351806,0.303428,3.573514,0.286582
245,memcpy,15079.49,15429.79,8325328,8325328,100.0,fork-join-pool-isolate-x64-O3,66602624,0.90837,8279572.263126,0.32371,3.514227,0.277594
246,fastlz 0.5.0 -1,161.19,418.09,8325328,4648455,55.84,fork-join-pool-isolate-x64-O3,66602624,0.90837,8279572.263126,0.32371,3.514227,0.277594
247,fastlz 0.5.0 -2,167.91,407.53,8325328,4568586,54.88,fork-join-pool-isolate-x64-O3,66602624,0.90837,8279572.263126,0.32371,3.514227,0.277594
248,kanzi 2.3 -1,156.67,795.45,8325328,3831156,46.02,fork-join-pool-isolate-x64-O3,66602624,0.90837,8279572.263126,0.32371,3.514227,0.277594
249,kanzi 2.3 -2,128.68,279.38,8325328,3203423,38.48,fork-join-pool-isolate-x64-O3,66602624,0.90837,8279572.263126,0.32371,3.514227,0.277594
250,kanzi 2.3 -3,87.19,283.82,8325328,3187820,38.29,fork-join-pool-isolate-x64-O3,66602624,0.90837,8279572.263126,0.32371,3.514227,0.277594
251,lizard 2.1 -10,334.71,2644.67,8325328,4603141,55.29,fork-join-pool-isolate-x64-O3,66602624,0.90837,8279572.263126,0.32371,3.514227,0.277594
252,lizard 2.1 -11,180.92,2696.53,8325328,4276866,51.37,fork-join-pool-isolate-x64-O3,66602624,0.90837,8279572.263126,0.32371,3.514227,0.277594
253,lizard 2.1 -12,106.12,2799.88,8325328,4024839,48.34,fork-join-pool-isolate-x64-O3,66602624,0.90837,8279572.263126,0.32371,3.514227,0.277594
254,lizard 2.1 -13,70.07,2636.96,8325328,3933944,47.25,fork-join-pool-isolate-x64-O3,66602624,0.90837,8279572.263126,0.32371,3.514227,0.277594
255,lizard 2.1 -14,65.62,2669.21,8325328,3885535,46.67,fork-join-pool-isolate-x64-O3,66602624,0.90837,8279572.263126,0.32371,3.514227,0.277594
256,lz4 1.10.0,388.73,2510.55,8325328,4530929,54.42,fork-join-pool-isolate-x64-O3,66602624,0.90837,8279572.263126,0.32371,3.514227,0.277594
257,lz4 1.10.0 --fast -3,478.87,2475.09,8325328,4908171,58.95,fork-join-pool-isolate-x64-O3,66602624,0.90837,8279572.263126,0.32371,3.514227,0.277594
258,lz4 1.10.0 --fast -17,839.1,3648.26,8325328,6167311,74.08,fork-join-pool-isolate-x64-O3,66602624,0.90837,8279572.263126,0.32371,3.514227,0.277594
259,lzav 4.22 -1,340.46,1799.41,8325328,4280860,51.42,fork-join-pool-isolate-x64-O3,66602624,0.90837,8279572.263126,0.32371,3.514227,0.277594
260,lzav 4.22 -2,59.85,1559.4,8325328,3756396,45.12,fork-join-pool-isolate-x64-O3,66602624,0.90837,8279572.263126,0.32371,3.514227,0.277594
261,lzf 3.6 -0,211.79,361.58,8325328,4572416,54.92,fork-join-pool-isolate-x64-O3,66602624,0.90837,8279572.263126,0.32371,3.514227,0.277594
262,lzf 3.6 -1,201.76,357.76,8325328,4522509,54.32,fork-join-pool-isolate-x64-O3,66602624,0.90837,8279572.263126,0.32371,3.514227,0.277594
263,lzfse 2017-03-08,62.31,445.34,8325328,3198522,38.42,fork-join-pool-isolate-x64-O3,66602624,0.90837,8279572.263126,0.32371,3.514227,0.277594
264,lzo1b 2.10 -1,107.8,389.2,8325328,4423016,53.13,fork-join-pool-isolate-x64-O3,66602624,0.90837,8279572.263126,0.32371,3.514227,0.277594
265,lzo1c 2.10 -1,123.19,404.64,8325328,4409582,52.97,fork-join-pool-isolate-x64-O3,66602624,0.90837,8279572.263126,0.32371,3.514227,0.277594
266,lzof 2.10 -1,111.46,371.78,8325328,4269448,51.28,fork-join-pool-isolate-x64-O3,66602624,0.90837,8279572.263126,0.32371,3.514227,0.277594
267,lzo1x 2.10 -1,319.13,410.66,8325328,4357048,52.33,fork-join-pool-isolate-x64-O3,66602624,0.90837,8279572.263126,0.32371,3.514227,0.277594
268,lzo1y 2.10 -1,320.0,412.29,8325328,4371247,52.51,fork-join-pool-isolate-x64-O3,66602624,0.90837,8279572.263126,0.32371,3.514227,0.277594
269,lzsse4fast 2019-04-18,148.72,1913.98,8325328,4712186,56.6,fork-join-pool-isolate-x64-O3,66602624,0.90837,8279572.263126,0.32371,3.514227,0.277594
270,lzsse8 2019-04-18 -1,5.31,2795.17,8325328,3909085,46.95,fork-join-pool-isolate-x64-O3,66602624,0.90837,8279572.263126,0.32371,3.514227,0.277594
271,lzvn 2017-03-08,41.91,552.12,8325328,3467148,41.65,fork-join-pool-isolate-x64-O3,66602624,0.90837,8279572.263126,0.32371,3.514227,0.277594
272,quicklz 1.5.0 -1,270.14,305.43,8325328,4199552,50.44,fork-join-pool-isolate-x64-O3,66602624,0.90837,8279572.263126,0.32371,3.514227,0.277594
273,quicklz 1.5.0 -2,137.93,294.42,8325328,3837999,46.1,fork-join-pool-isolate-x64-O3,66602624,0.90837,8279572.263126,0.32371,3.514227,0.277594
274,snappy 1.2.1,296.74,763.5,8325328,4542213,54.56,fork-join-pool-isolate-x64-O3,66602624,0.90837,8279572.263126,0.32371,3.514227,0.277594
275,zstd 1.5.7 -1,304.91,735.96,8325328,3498741,42.03,fork-join-pool-isolate-x64-O3,66602624,0.90837,8279572.263126,0.32371,3.514227,0.277594
276,zstd 1.5.7 -2,263.18,711.22,8325328,3287051,39.48,fork-join-pool-isolate-x64-O3,66602624,0.90837,8279572.263126,0.32371,3.514227,0.277594
277,zstd 1.5.7 -3,187.48,681.88,8325328,3134651,37.65,fork-join-pool-isolate-x64-O3,66602624,0.90837,8279572.263126,0.32371,3.514227,0.277594
278,zstd 1.5.7 -4,164.27,677.49,8325328,3098447,37.22,fork-join-pool-isolate-x64-O3,66602624,0.90837,8279572.263126,0.32371,3.514227,0.277594
279,zstd 1.5.7 -5,92.74,662.39,8325328,3049853,36.63,fork-join-pool-isolate-x64-O3,66602624,0.90837,8279572.263126,0.32371,3.514227,0.277594
280,memcpy,15287.66,15231.88,7669360,7669360,100.0,fork-join-pool-isolate-x64-prof,61354880,0.887528,9315134.608944,0.305177,3.627621,0.252109
281,fastlz 0.5.0 -1,189.96,446.64,7669360,3780498,49.29,fork-join-pool-isolate-x64-prof,61354880,0.887528,9315134.608944,0.305177,3.627621,0.252109
282,fastlz 0.5.0 -2,193.31,441.65,7669360,3720581,48.51,fork-join-pool-isolate-x64-prof,61354880,0.887528,9315134.608944,0.305177,3.627621,0.252109
283,kanzi 2.3 -1,164.75,813.42,7669360,3149745,41.07,fork-join-pool-isolate-x64-prof,61354880,0.887528,9315134.608944,0.305177,3.627621,0.252109
284,kanzi 2.3 -2,137.25,302.92,7669360,2588701,33.75,fork-join-pool-isolate-x64-prof,61354880,0.887528,9315134.608944,0.305177,3.627621,0.252109
285,kanzi 2.3 -3,97.06,304.08,7669360,2601288,33.92,fork-join-pool-isolate-x64-prof,61354880,0.887528,9315134.608944,0.305177,3.627621,0.252109
286,lizard 2.1 -10,356.55,2642.61,7669360,3744310,48.82,fork-join-pool-isolate-x64-prof,61354880,0.887528,9315134.608944,0.305177,3.627621,0.252109
287,lizard 2.1 -11,206.39,2791.16,7669360,3522596,45.93,fork-join-pool-isolate-x64-prof,61354880,0.887528,9315134.608944,0.305177,3.627621,0.252109
288,lizard 2.1 -12,116.82,2860.43,7669360,3298514,43.01,fork-join-pool-isolate-x64-prof,61354880,0.887528,9315134.608944,0.305177,3.627621,0.252109
289,lizard 2.1 -13,77.66,2441.73,7669360,3214402,41.91,fork-join-pool-isolate-x64-prof,61354880,0.887528,9315134.608944,0.305177,3.627621,0.252109
290,lizard 2.1 -14,71.07,2460.59,7669360,3168827,41.32,fork-join-pool-isolate-x64-prof,61354880,0.887528,9315134.608944,0.305177,3.627621,0.252109
291,lz4 1.10.0,415.82,2536.54,7669360,3674665,47.91,fork-join-pool-isolate-x64-prof,61354880,0.887528,9315134.608944,0.305177,3.627621,0.252109
292,lz4 1.10.0 --fast -3,486.0,2520.49,7669360,3941838,51.4,fork-join-pool-isolate-x64-prof,61354880,0.887528,9315134.608944,0.305177,3.627621,0.252109
293,lz4 1.10.0 --fast -17,753.53,3175.66,7669360,4977787,64.9,fork-join-pool-isolate-x64-prof,61354880,0.887528,9315134.608944,0.305177,3.627621,0.252109
294,lzav 4.22 -1,377.47,1899.2,7669360,3529147,46.02,fork-join-pool-isolate-x64-prof,61354880,0.887528,9315134.608944,0.305177,3.627621,0.252109
295,lzav 4.22 -2,69.64,1707.73,7669360,3092051,40.32,fork-join-pool-isolate-x64-prof,61354880,0.887528,9315134.608944,0.305177,3.627621,0.252109
296,lzf 3.6 -0,240.41,388.91,7669360,3737952,48.74,fork-join-pool-isolate-x64-prof,61354880,0.887528,9315134.608944,0.305177,3.627621,0.252109
297,lzf 3.6 -1,232.26,387.03,7669360,3693688,48.16,fork-join-pool-isolate-x64-prof,61354880,0.887528,9315134.608944,0.305177,3.627621,0.252109
298,lzfse 2017-03-08,67.15,473.17,7669360,2593632,33.82,fork-join-pool-isolate-x64-prof,61354880,0.887528,9315134.608944,0.305177,3.627621,0.252109
299,lzo1b 2.10 -1,126.87,444.28,7669360,3615076,47.14,fork-join-pool-isolate-x64-prof,61354880,0.887528,9315134.608944,0.305177,3.627621,0.252109
300,lzo1c 2.10 -1,146.91,453.03,7669360,3596620,46.9,fork-join-pool-isolate-x64-prof,61354880,0.887528,9315134.608944,0.305177,3.627621,0.252109
301,lzof 2.10 -1,131.71,427.25,7669360,3470232,45.25,fork-join-pool-isolate-x64-prof,61354880,0.887528,9315134.608944,0.305177,3.627621,0.252109
302,lzo1x 2.10 -1,359.7,467.44,7669360,3571661,46.57,fork-join-pool-isolate-x64-prof,61354880,0.887528,9315134.608944,0.305177,3.627621,0.252109
303,lzo1y 2.10 -1,357.84,463.66,7669360,3574481,46.61,fork-join-pool-isolate-x64-prof,61354880,0.887528,9315134.608944,0.305177,3.627621,0.252109
304,lzsse4fast 2019-04-18,156.41,1996.19,7669360,4224601,55.08,fork-join-pool-isolate-x64-prof,61354880,0.887528,9315134.608944,0.305177,3.627621,0.252109
305,lzsse8 2019-04-18 -1,5.12,2938.12,7669360,3250781,42.39,fork-join-pool-isolate-x64-prof,61354880,0.887528,9315134.608944,0.305177,3.627621,0.252109
306,lzvn 2017-03-08,46.15,585.2,7669360,2843038,37.07,fork-join-pool-isolate-x64-prof,61354880,0.887528,9315134.608944,0.305177,3.627621,0.252109
307,quicklz 1.5.0 -1,302.82,329.47,7669360,3410282,44.47,fork-join-pool-isolate-x64-prof,61354880,0.887528,9315134.608944,0.305177,3.627621,0.252109
308,quicklz 1.5.0 -2,146.22,322.1,7669360,3127850,40.78,fork-join-pool-isolate-x64-prof,61354880,0.887528,9315134.608944,0.305177,3.627621,0.252109
309,snappy 1.2.1,330.4,800.88,7669360,3741296,48.78,fork-join-pool-isolate-x64-prof,61354880,0.887528,9315134.608944,0.305177,3.627621,0.252109
310,zstd 1.5.7 -1,332.52,803.25,7669360,2769834,36.12,fork-join-pool-isolate-x64-prof,61354880,0.887528,9315134.608944,0.305177,3.627621,0.252109
311,zstd 1.5.7 -2,287.81,777.15,7669360,2640977,34.44,fork-join-pool-isolate-x64-prof,61354880,0.887528,9315134.608944,0.305177,3.627621,0.252109
312,zstd 1.5.7 -3,208.68,733.77,7669360,2531710,33.01,fork-join-pool-isolate-x64-prof,61354880,0.887528,9315134.608944,0.305177,3.627621,0.252109
313,zstd 1.5.7 -4,181.76,731.43,7669360,2527522,32.96,fork-join-pool-isolate-x64-prof,61354880,0.887528,9315134.608944,0.305177,3.627621,0.252109
314,zstd 1.5.7 -5,101.19,711.69,7669360,2491648,32.49,fork-join-pool-isolate-x64-prof,61354880,0.887528,9315134.608944,0.305177,3.627621,0.252109
315,memcpy,15190.86,15205.2,59931504,59931504,100.0,micronaut-conferences-x64-prof,479452032,0.922699,50454520.081618,0.337801,3.593697,0.213506
316,fastlz 0.5.0 -1,185.01,466.49,59931504,30458529,50.82,micronaut-conferences-x64-prof,479452032,0.922699,50454520.081618,0.337801,3.593697,0.213506
317,fastlz 0.5.0 -2,192.44,458.65,59931504,30008836,50.07,micronaut-conferences-x64-prof,479452032,0.922699,50454520.081618,0.337801,3.593697,0.213506
318,kanzi 2.3 -1,151.53,832.92,59931504,24858602,41.48,micronaut-conferences-x64-prof,479452032,0.922699,50454520.081618,0.337801,3.593697,0.213506
319,kanzi 2.3 -2,128.69,304.11,59931504,20229034,33.75,micronaut-conferences-x64-prof,479452032,0.922699,50454520.081618,0.337801,3.593697,0.213506
320,kanzi 2.3 -3,87.85,308.4,59931504,20324162,33.91,micronaut-conferences-x64-prof,479452032,0.922699,50454520.081618,0.337801,3.593697,0.213506
321,lizard 2.1 -10,356.55,2595.73,59931504,29813269,49.75,micronaut-conferences-x64-prof,479452032,0.922699,50454520.081618,0.337801,3.593697,0.213506
322,lizard 2.1 -11,234.62,2644.82,59931504,28123773,46.93,micronaut-conferences-x64-prof,479452032,0.922699,50454520.081618,0.337801,3.593697,0.213506
323,lizard 2.1 -12,121.08,2683.03,59931504,26367657,44.0,micronaut-conferences-x64-prof,479452032,0.922699,50454520.081618,0.337801,3.593697,0.213506
324,lizard 2.1 -13,76.94,2672.47,59931504,25723437,42.92,micronaut-conferences-x64-prof,479452032,0.922699,50454520.081618,0.337801,3.593697,0.213506
325,lizard 2.1 -14,71.52,2692.33,59931504,25354839,42.31,micronaut-conferences-x64-prof,479452032,0.922699,50454520.081618,0.337801,3.593697,0.213506
326,lz4 1.10.0,407.21,2537.99,59931504,29462542,49.16,micronaut-conferences-x64-prof,479452032,0.922699,50454520.081618,0.337801,3.593697,0.213506
327,lz4 1.10.0 --fast -3,470.07,2564.6,59931504,31330105,52.28,micronaut-conferences-x64-prof,479452032,0.922699,50454520.081618,0.337801,3.593697,0.213506
328,lz4 1.10.0 --fast -17,698.87,2923.87,59931504,38721006,64.61,micronaut-conferences-x64-prof,479452032,0.922699,50454520.081618,0.337801,3.593697,0.213506
329,lzav 4.22 -1,369.45,1756.15,59931504,28039548,46.79,micronaut-conferences-x64-prof,479452032,0.922699,50454520.081618,0.337801,3.593697,0.213506
330,lzav 4.22 -2,65.96,1622.36,59931504,24581416,41.02,micronaut-conferences-x64-prof,479452032,0.922699,50454520.081618,0.337801,3.593697,0.213506
331,lzf 3.6 -0,237.92,390.35,59931504,30107852,50.24,micronaut-conferences-x64-prof,479452032,0.922699,50454520.081618,0.337801,3.593697,0.213506
332,lzf 3.6 -1,230.94,389.62,59931504,29758582,49.65,micronaut-conferences-x64-prof,479452032,0.922699,50454520.081618,0.337801,3.593697,0.213506
333,lzfse 2017-03-08,68.4,495.27,59931504,20397183,34.03,micronaut-conferences-x64-prof,479452032,0.922699,50454520.081618,0.337801,3.593697,0.213506
334,lzo1b 2.10 -1,126.26,442.39,59931504,29220106,48.76,micronaut-conferences-x64-prof,479452032,0.922699,50454520.081618,0.337801,3.593697,0.213506
335,lzo1c 2.10 -1,143.66,458.13,59931504,29062261,48.49,micronaut-conferences-x64-prof,479452032,0.922699,50454520.081618,0.337801,3.593697,0.213506
336,lzof 2.10 -1,128.39,428.57,59931504,28015314,46.75,micronaut-conferences-x64-prof,479452032,0.922699,50454520.081618,0.337801,3.593697,0.213506
337,lzo1x 2.10 -1,344.55,475.08,59931504,28517291,47.58,micronaut-conferences-x64-prof,479452032,0.922699,50454520.081618,0.337801,3.593697,0.213506
338,lzo1y 2.10 -1,343.36,479.74,59931504,28530780,47.61,micronaut-conferences-x64-prof,479452032,0.922699,50454520.081618,0.337801,3.593697,0.213506
339,lzsse4fast 2019-04-18,201.26,1932.46,59931504,29784942,49.7,micronaut-conferences-x64-prof,479452032,0.922699,50454520.081618,0.337801,3.593697,0.213506
340,lzsse8 2019-04-18 -1,12.06,2824.72,59931504,25886235,43.19,micronaut-conferences-x64-prof,479452032,0.922699,50454520.081618,0.337801,3.593697,0.213506
341,lzvn 2017-03-08,45.04,619.85,59931504,22778084,38.01,micronaut-conferences-x64-prof,479452032,0.922699,50454520.081618,0.337801,3.593697,0.213506
342,quicklz 1.5.0 -1,298.03,338.95,59931504,27387517,45.7,micronaut-conferences-x64-prof,479452032,0.922699,50454520.081618,0.337801,3.593697,0.213506
343,quicklz 1.5.0 -2,151.17,331.22,59931504,25257545,42.14,micronaut-conferences-x64-prof,479452032,0.922699,50454520.081618,0.337801,3.593697,0.213506
344,snappy 1.2.1,321.38,817.16,59931504,29795482,49.72,micronaut-conferences-x64-prof,479452032,0.922699,50454520.081618,0.337801,3.593697,0.213506
345,zstd 1.5.7 -1,326.0,791.28,59931504,21854185,36.47,micronaut-conferences-x64-prof,479452032,0.922699,50454520.081618,0.337801,3.593697,0.213506
346,zstd 1.5.7 -2,285.92,765.87,59931504,20787911,34.69,micronaut-conferences-x64-prof,479452032,0.922699,50454520.081618,0.337801,3.593697,0.213506
347,zstd 1.5.7 -3,211.65,726.3,59931504,19929834,33.25,micronaut-conferences-x64-prof,479452032,0.922699,50454520.081618,0.337801,3.593697,0.213506
348,zstd 1.5.7 -4,183.82,721.05,59931504,19859552,33.14,micronaut-conferences-x64-prof,479452032,0.922699,50454520.081618,0.337801,3.593697,0.213506
349,zstd 1.5.7 -5,100.88,707.5,59931504,19432290,32.42,micronaut-conferences-x64-prof,479452032,0.922699,50454520.081618,0.337801,3.593697,0.213506
350,memcpy,15227.15,15278.52,51054968,51054968,100.0,micronaut-conferences-x64-O3,408439744,0.903925,53180832.58265,0.31958,3.531221,0.244158
351,fastlz 0.5.0 -1,169.83,427.63,51054968,28339681,55.51,micronaut-conferences-x64-O3,408439744,0.903925,53180832.58265,0.31958,3.531221,0.244158
352,fastlz 0.5.0 -2,178.16,419.12,51054968,27968626,54.78,micronaut-conferences-x64-O3,408439744,0.903925,53180832.58265,0.31958,3.531221,0.244158
353,kanzi 2.3 -1,155.65,809.42,51054968,23160258,45.36,micronaut-conferences-x64-O3,408439744,0.903925,53180832.58265,0.31958,3.531221,0.244158
354,kanzi 2.3 -2,128.68,284.03,51054968,19008952,37.23,micronaut-conferences-x64-O3,408439744,0.903925,53180832.58265,0.31958,3.531221,0.244158
355,kanzi 2.3 -3,86.33,285.53,51054968,19360175,37.92,micronaut-conferences-x64-O3,408439744,0.903925,53180832.58265,0.31958,3.531221,0.244158
356,lizard 2.1 -10,338.83,2704.47,51054968,27751250,54.36,micronaut-conferences-x64-O3,408439744,0.903925,53180832.58265,0.31958,3.531221,0.244158
357,lizard 2.1 -11,214.96,2761.92,51054968,26094607,51.11,micronaut-conferences-x64-O3,408439744,0.903925,53180832.58265,0.31958,3.531221,0.244158
358,lizard 2.1 -12,113.23,2848.27,51054968,24569117,48.12,micronaut-conferences-x64-O3,408439744,0.903925,53180832.58265,0.31958,3.531221,0.244158
359,lizard 2.1 -13,74.1,2747.07,51054968,23949888,46.91,micronaut-conferences-x64-O3,408439744,0.903925,53180832.58265,0.31958,3.531221,0.244158
360,lizard 2.1 -14,68.83,2781.53,51054968,23599929,46.22,micronaut-conferences-x64-O3,408439744,0.903925,53180832.58265,0.31958,3.531221,0.244158
361,lz4 1.10.0,390.77,2532.29,51054968,27394317,53.66,micronaut-conferences-x64-O3,408439744,0.903925,53180832.58265,0.31958,3.531221,0.244158
362,lz4 1.10.0 --fast -3,458.14,2563.9,51054968,29186041,57.17,micronaut-conferences-x64-O3,408439744,0.903925,53180832.58265,0.31958,3.531221,0.244158
363,lz4 1.10.0 --fast -17,716.55,3006.75,51054968,36129827,70.77,micronaut-conferences-x64-O3,408439744,0.903925,53180832.58265,0.31958,3.531221,0.244158
364,lzav 4.22 -1,351.7,1702.02,51054968,26165274,51.25,micronaut-conferences-x64-O3,408439744,0.903925,53180832.58265,0.31958,3.531221,0.244158
365,lzav 4.22 -2,64.8,1538.75,51054968,22878791,44.81,micronaut-conferences-x64-O3,408439744,0.903925,53180832.58265,0.31958,3.531221,0.244158
366,lzf 3.6 -0,219.52,364.82,51054968,27978899,54.8,micronaut-conferences-x64-O3,408439744,0.903925,53180832.58265,0.31958,3.531221,0.244158
367,lzf 3.6 -1,211.63,365.61,51054968,27647862,54.15,micronaut-conferences-x64-O3,408439744,0.903925,53180832.58265,0.31958,3.531221,0.244158
368,lzfse 2017-03-08,65.01,463.04,51054968,19160694,37.53,micronaut-conferences-x64-O3,408439744,0.903925,53180832.58265,0.31958,3.531221,0.244158
369,lzo1b 2.10 -1,113.82,413.33,51054968,27142810,53.16,micronaut-conferences-x64-O3,408439744,0.903925,53180832.58265,0.31958,3.531221,0.244158
370,lzo1c 2.10 -1,129.77,427.17,51054968,26992609,52.87,micronaut-conferences-x64-O3,408439744,0.903925,53180832.58265,0.31958,3.531221,0.244158
371,lzof 2.10 -1,115.87,398.81,51054968,26035819,51.0,micronaut-conferences-x64-O3,408439744,0.903925,53180832.58265,0.31958,3.531221,0.244158
372,lzo1x 2.10 -1,319.7,446.43,51054968,26492137,51.89,micronaut-conferences-x64-O3,408439744,0.903925,53180832.58265,0.31958,3.531221,0.244158
373,lzo1y 2.10 -1,320.13,447.99,51054968,26548637,52.0,micronaut-conferences-x64-O3,408439744,0.903925,53180832.58265,0.31958,3.531221,0.244158
374,lzsse4fast 2019-04-18,187.48,1793.66,51054968,27763680,54.38,micronaut-conferences-x64-O3,408439744,0.903925,53180832.58265,0.31958,3.531221,0.244158
375,lzsse8 2019-04-18 -1,12.14,2659.63,51054968,24044985,47.1,micronaut-conferences-x64-O3,408439744,0.903925,53180832.58265,0.31958,3.531221,0.244158
376,lzvn 2017-03-08,42.49,580.4,51054968,21155983,41.44,micronaut-conferences-x64-O3,408439744,0.903925,53180832.58265,0.31958,3.531221,0.244158
377,quicklz 1.5.0 -1,275.7,307.6,51054968,25622846,50.19,micronaut-conferences-x64-O3,408439744,0.903925,53180832.58265,0.31958,3.531221,0.244158
378,quicklz 1.5.0 -2,139.29,303.0,51054968,23554229,46.14,micronaut-conferences-x64-O3,408439744,0.903925,53180832.58265,0.31958,3.531221,0.244158
379,snappy 1.2.1,300.62,760.66,51054968,27713071,54.28,micronaut-conferences-x64-O3,408439744,0.903925,53180832.58265,0.31958,3.531221,0.244158
380,zstd 1.5.7 -1,313.2,752.88,51054968,20578374,40.31,micronaut-conferences-x64-O3,408439744,0.903925,53180832.58265,0.31958,3.531221,0.244158
381,zstd 1.5.7 -2,272.63,725.95,51054968,19524699,38.24,micronaut-conferences-x64-O3,408439744,0.903925,53180832.58265,0.31958,3.531221,0.244158
382,zstd 1.5.7 -3,198.52,685.17,51054968,18637968,36.51,micronaut-conferences-x64-O3,408439744,0.903925,53180832.58265,0.31958,3.531221,0.244158
383,zstd 1.5.7 -4,171.45,680.85,51054968,18565177,36.36,micronaut-conferences-x64-O3,408439744,0.903925,53180832.58265,0.31958,3.531221,0.244158
384,zstd 1.5.7 -5,95.11,667.22,51054968,18209159,35.67,micronaut-conferences-x64-O3,408439744,0.903925,53180832.58265,0.31958,3.531221,0.244158
385,memcpy,15189.5,15276.94,51054968,51054968,100.0,micronaut-conferences-x64-O2,408439744,0.902806,53785474.746689,0.318558,3.528351,0.244223
386,fastlz 0.5.0 -1,170.12,430.37,51054968,28290725,55.41,micronaut-conferences-x64-O2,408439744,0.902806,53785474.746689,0.318558,3.528351,0.244223
387,fastlz 0.5.0 -2,178.99,419.73,51054968,27923671,54.69,micronaut-conferences-x64-O2,408439744,0.902806,53785474.746689,0.318558,3.528351,0.244223
388,kanzi 2.3 -1,155.75,814.82,51054968,23124456,45.29,micronaut-conferences-x64-O2,408439744,0.902806,53785474.746689,0.318558,3.528351,0.244223
389,kanzi 2.3 -2,128.64,284.34,51054968,18967724,37.15,micronaut-conferences-x64-O2,408439744,0.902806,53785474.746689,0.318558,3.528351,0.244223
